metric,cond,mean,std,ci95,n
core_347,baseline,0.352174,0.062226,0.027272,20
core_347,nohill,0.136051,0.014604,0.006401,20
core_347,nocrowd,0.361594,0.111871,0.049030,20
extended_345789,baseline,0.528623,0.059776,0.026198,20
extended_345789,nohill,0.255072,0.022551,0.009884,20
extended_345789,nocrowd,0.546377,0.077426,0.033933,20
