cond,segment,mean_pingpong_rate_moves,std_pingpong_rate_moves,mean_reversal_rate_moves,std_reversal_rate_moves,mean_move_rate_stepwise,std_move_rate_stepwise,mean_abs_delta_moved,std_abs_delta_moved,n
baseline,pre,0.000000,0.000000,0.000000,0.000000,0.000453,0.000883,0.063999,0.159676,20
baseline,post,0.000000,0.000000,0.348366,0.321544,0.011140,0.001188,1.089651,0.132684,20
nohill,pre,0.057083,0.054661,0.469491,0.129428,0.038859,0.001400,0.137691,0.009937,20
nohill,post,0.074142,0.027173,0.503881,0.061113,0.038925,0.001046,0.131952,0.008877,20
nocrowd,pre,0.291021,0.226617,0.502087,0.192060,0.022147,0.003696,0.055574,0.013277,20
nocrowd,post,0.000000,0.000000,0.366786,0.336002,0.010789,0.001220,1.012211,0.144130,20
