step,mean,std,n
0,0.151794,0.023543,20
1,0.064554,0.013012,20
2,0.054643,0.016279,20
3,0.052609,0.018037,20
4,0.015467,0.024364,20
5,0.637936,0.053804,20
6,0.691090,0.044192,20
7,0.693591,0.042406,20
