metric,cond,mean,std,ci95,n
core_347,baseline,0.246558,0.051857,0.022727,20
core_347,nohill,0.130072,0.024810,0.010874,20
core_347,nocrowd,0.276449,0.121704,0.053339,20
extended_345789,baseline,0.483696,0.093808,0.041113,20
extended_345789,nohill,0.253261,0.028226,0.012371,20
extended_345789,nocrowd,0.493841,0.103201,0.045230,20
