cond,segment,mean_pingpong_rate_moves,std_pingpong_rate_moves,mean_reversal_rate_moves,std_reversal_rate_moves,mean_move_rate_stepwise,std_move_rate_stepwise,mean_abs_delta_moved,std_abs_delta_moved,n
baseline,pre,0.058734,0.032401,0.570939,0.040810,0.491064,0.004063,0.151673,0.007153,20
baseline,post,0.557209,0.195448,0.726930,0.135805,0.071615,0.030167,0.081719,0.021420,20
nohill,pre,0.066769,0.010742,0.503639,0.020225,0.469353,0.005230,0.134115,0.002589,20
nohill,post,0.065854,0.011721,0.500913,0.023364,0.468229,0.005561,0.134188,0.003174,20
norep,pre,0.056911,0.031120,0.522086,0.046597,0.495669,0.002992,0.162866,0.007027,20
norep,post,0.613231,0.235203,0.724682,0.178485,0.061892,0.033456,0.075685,0.024795,20
