metric,cond,mean,std,ci95,n
core_347,baseline,0.356703,0.058752,0.025749,20
core_347,nohill,0.138949,0.014640,0.006416,20
core_347,nocrowd,0.366667,0.081587,0.035757,20
extended_345789,baseline,0.525543,0.039896,0.017485,20
extended_345789,nohill,0.259239,0.016701,0.007320,20
extended_345789,nocrowd,0.525725,0.074164,0.032504,20
