step,baseline_mean,baseline_std,nohill_mean,nohill_std,norep_mean,norep_std
0,0.769707,0.025265,0.769707,0.025265,0.769707,0.025265
1,0.841425,0.009112,0.763913,0.028664,0.829877,0.010461
2,0.840405,0.006501,0.778284,0.023921,0.837847,0.005658
3,0.840035,0.006229,0.778205,0.022269,0.835727,0.008796
4,0.840035,0.006229,0.775554,0.027189,0.841734,0.006957
5,0.786254,0.016037,0.778607,0.024512,0.799613,0.017565
6,0.805300,0.013700,0.776730,0.025473,0.813029,0.016801
7,0.805626,0.012923,0.779881,0.023622,0.815757,0.014338
