cond,segment,mean_pingpong_rate_moves,std_pingpong_rate_moves,mean_reversal_rate_moves,std_reversal_rate_moves,mean_move_rate_stepwise,std_move_rate_stepwise,mean_abs_delta_moved,std_abs_delta_moved,n
baseline,pre,0.000000,0.000000,0.000000,0.000000,0.000498,0.000670,0.119500,0.233178,20
baseline,post,0.000000,0.000000,0.242413,0.245205,0.011250,0.001243,1.102162,0.174911,20
nohill,pre,0.057083,0.054661,0.469491,0.129428,0.038859,0.001400,0.137691,0.009937,20
nohill,post,0.074142,0.027173,0.503881,0.061113,0.038925,0.001046,0.131952,0.008877,20
nocrowd,pre,0.251569,0.143391,0.502523,0.188421,0.023234,0.003269,0.056765,0.015075,20
nocrowd,post,0.000000,0.000000,0.296071,0.296158,0.011250,0.001992,1.103139,0.141997,20
