step,mean,std,n
0,0.610375,0.067094,20
1,0.844876,0.033518,20
2,0.846634,0.026249,20
3,0.847096,0.024431,20
4,0.846736,0.024913,20
5,0.671857,0.059036,20
6,0.712039,0.046660,20
7,0.719654,0.043616,20
