step,moved_given_attempt_frac
0,0.750000
1,0.083333
2,0.041667
3,0.000000
4,0.916667
5,0.000000
6,0.000000
7,0.000000
