step,mean,std,ci95,n
0,0.610375,0.067094,0.029405,20
1,0.844876,0.033518,0.014690,20
2,0.846634,0.026249,0.011504,20
3,0.847096,0.024431,0.010707,20
4,0.846736,0.024913,0.010919,20
5,0.671857,0.059036,0.025874,20
6,0.712039,0.046660,0.020450,20
7,0.719654,0.043616,0.019115,20
