step,mean_score
0,-0.159994
1,-0.137242
2,-0.118941
3,-0.116819
4,0.408586
5,0.409087
6,0.418685
7,0.418685
