step,mean,std,n
0,0.767175,0.025157,20
1,0.843548,0.009174,20
2,0.844126,0.006862,20
3,0.844272,0.006348,20
4,0.844174,0.006487,20
5,0.781318,0.021486,20
6,0.797348,0.016111,20
7,0.800011,0.014887,20
