step,mean,std,n
0,0.138301,0.024818,20
1,0.053308,0.015745,20
2,0.043430,0.015736,20
3,0.041665,0.016691,20
4,0.014318,0.020431,20
5,0.616171,0.059110,20
6,0.667008,0.044129,20
7,0.674683,0.041512,20
