step,curriculum_mean,curriculum_ci95,consonly_mean,consonly_ci95
0,0.138301,0.010877,0.087864,0.015146
1,0.053308,0.006901,0.693194,0.029400
2,0.043430,0.006897,0.741223,0.016212
3,0.041665,0.007315,0.745419,0.014191
4,0.014318,0.008954,0.745419,0.014191
5,0.616171,0.025906,0.745419,0.014191
6,0.667008,0.019340,0.745419,0.014191
7,0.674683,0.018194,0.745419,0.014191
