step,mean,std,ci95,n
0,0.617773,0.067810,0.029719,20
1,0.837221,0.032625,0.014298,20
2,0.832725,0.024469,0.010724,20
3,0.831241,0.023416,0.010262,20
4,0.831241,0.023416,0.010262,20
5,0.687416,0.045180,0.019801,20
6,0.734706,0.043647,0.019129,20
7,0.735717,0.041579,0.018223,20
