step,mean_c_score
0,0.566777
1,0.845599
2,0.832050
3,0.827957
4,0.827957
5,0.803187
6,0.803187
7,0.803187
