metric,cond,mean,std,ci95,n
core_347,baseline,0.219022,0.104938,0.045991,20
core_347,nohill,0.130072,0.024810,0.010874,20
core_347,nocrowd,0.264674,0.122924,0.053874,20
extended_345789,baseline,0.427174,0.111538,0.048884,20
extended_345789,nohill,0.253261,0.028226,0.012371,20
extended_345789,nocrowd,0.489493,0.101189,0.044348,20
