metric,cond,mean,std,ci95,n
core_347,baseline,0.152536,0.034675,0.015197,20
core_347,nohill,0.133696,0.022066,0.009671,20
core_347,norep,0.144746,0.056276,0.024664,20
extended_345789,baseline,0.273551,0.058033,0.025434,20
extended_345789,nohill,0.248370,0.026784,0.011739,20
extended_345789,norep,0.259601,0.082217,0.036033,20
