cond,segment,mean_pingpong_rate_moves,std_pingpong_rate_moves,mean_reversal_rate_moves,std_reversal_rate_moves,mean_move_rate_stepwise,std_move_rate_stepwise,mean_abs_delta_moved,std_abs_delta_moved,n
baseline,pre,0.048955,0.035679,0.572686,0.032164,0.490406,0.007147,0.145882,0.009089,20
baseline,post,0.514421,0.216185,0.706237,0.161635,0.064844,0.022575,0.085862,0.028091,20
nohill,pre,0.066769,0.010742,0.503639,0.020225,0.469353,0.005230,0.134115,0.002589,20
nohill,post,0.065854,0.011721,0.500913,0.023364,0.468229,0.005561,0.134188,0.003174,20
nocrowd,pre,0.056256,0.025046,0.536366,0.039245,0.495121,0.002784,0.157933,0.006596,20
nocrowd,post,0.591726,0.240732,0.713947,0.186958,0.075651,0.040345,0.092737,0.032963,20
