metric,cond,mean,std,ci95,n
core_347,baseline,0.369928,0.073782,0.032337,20
core_347,nohill,0.136775,0.017258,0.007564,20
core_347,nocrowd,0.335688,0.110666,0.048502,20
extended_345789,baseline,0.568659,0.056474,0.024751,20
extended_345789,nohill,0.260145,0.019599,0.008590,20
extended_345789,nocrowd,0.522464,0.129478,0.056746,20
