step,mean_c_score_loo
0,0.199836
1,0.068787
2,0.039306
3,0.033515
4,0.010003
5,0.625501
6,0.670456
7,0.670456
