step,mean,std,n
0,0.467181,0.178713,20
1,0.442578,0.176430,20
2,0.440007,0.171333,20
3,0.440256,0.171308,20
4,1.034352,0.217072,20
5,1.623134,0.268425,20
6,1.687466,0.276687,20
7,1.691660,0.278462,20
