step,mean_abs_delta_semitones_moved
0,0.832000
1,0.305000
2,0.029995
3,0.000000
4,0.939546
5,1.330000
6,0.000000
7,0.000000
