step,baseline_mean,baseline_std,nohill_mean,nohill_std,norep_mean,norep_std
0,0.610375,0.067094,0.610375,0.067094,0.610375,0.067094
1,0.844876,0.033518,0.595223,0.080424,0.815498,0.037995
2,0.846634,0.026249,0.638176,0.068682,0.838778,0.020206
3,0.847096,0.024431,0.634939,0.066102,0.834997,0.032464
4,0.846736,0.024913,0.629510,0.076417,0.834208,0.032043
5,0.671857,0.059036,0.634353,0.069343,0.706635,0.053877
6,0.712039,0.046660,0.631209,0.073485,0.754334,0.041019
7,0.719654,0.043616,0.639861,0.069327,0.762416,0.045180
