step,baseline_mean,baseline_std,nohill_mean,nohill_std,norep_mean,norep_std
0,0.767175,0.025157,0.767175,0.025157,0.767175,0.025157
1,0.843548,0.009174,0.761275,0.029058,0.835394,0.010524
2,0.844126,0.006862,0.776987,0.024676,0.841941,0.005393
3,0.844272,0.006348,0.776138,0.023473,0.840953,0.008765
4,0.844174,0.006487,0.773945,0.027774,0.840731,0.008489
5,0.781318,0.021486,0.775967,0.024884,0.792977,0.020215
6,0.797348,0.016111,0.774802,0.026131,0.811015,0.013696
7,0.800011,0.014887,0.778185,0.023765,0.814182,0.014931
