cond,segment,mean_pingpong_rate_moves,std_pingpong_rate_moves,mean_reversal_rate_moves,std_reversal_rate_moves,mean_move_rate_stepwise,std_move_rate_stepwise,mean_abs_delta_moved,std_abs_delta_moved,n
baseline,pre,0.091723,0.068690,0.594632,0.044159,0.479825,0.025273,0.140057,0.013243,20
baseline,post,0.550282,0.185280,0.685208,0.148227,0.074436,0.029858,0.093920,0.029178,20
nohill,pre,0.066769,0.010742,0.503639,0.020225,0.469353,0.005230,0.134115,0.002589,20
nohill,post,0.065854,0.011721,0.500913,0.023364,0.468229,0.005561,0.134188,0.003174,20
nocrowd,pre,0.056256,0.025046,0.536366,0.039245,0.495121,0.002784,0.157933,0.006596,20
nocrowd,post,0.591726,0.240732,0.713947,0.186958,0.075651,0.040345,0.092737,0.032963,20
