step,mean_c_level
0,0.754874
1,0.844778
2,0.838541
3,0.837261
4,0.837261
5,0.773645
6,0.795163
7,0.795163
