metric,cond,mean,std,ci95,n
core_347,baseline,0.342754,0.062655,0.027460,20
core_347,nohill,0.136775,0.017258,0.007564,20
core_347,nocrowd,0.321196,0.119803,0.052506,20
extended_345789,baseline,0.525543,0.094866,0.041577,20
extended_345789,nohill,0.260145,0.019599,0.008590,20
extended_345789,nocrowd,0.507246,0.117873,0.051660,20
