step,mean_abs_delta_semitones
0,0.520000
1,0.076250
2,0.001250
3,0.000000
4,0.861251
5,0.166250
6,0.000000
7,0.000000
