step,baseline_mean,baseline_std,nohill_mean,nohill_std,norep_mean,norep_std
0,0.617773,0.067810,0.617773,0.067810,0.617773,0.067810
1,0.837221,0.032625,0.602565,0.079278,0.795942,0.036204
2,0.832725,0.024469,0.641868,0.066442,0.823629,0.020969
3,0.831241,0.023416,0.640729,0.062866,0.816080,0.031822
4,0.831241,0.023416,0.634123,0.074781,0.837838,0.026173
5,0.687416,0.045180,0.642075,0.069034,0.724494,0.048781
6,0.734706,0.043647,0.636855,0.072319,0.757979,0.048744
7,0.735717,0.041579,0.644939,0.068822,0.764475,0.043832
