cond,segment,mean_pingpong_rate_moves,std_pingpong_rate_moves,mean_reversal_rate_moves,std_reversal_rate_moves,mean_move_rate_stepwise,std_move_rate_stepwise,mean_abs_delta_moved,std_abs_delta_moved,n
baseline,pre,0.000000,0.000000,0.000000,0.000000,0.000000,0.000000,0.000000,0.000000,20
baseline,post,0.000000,0.000000,0.383571,0.278347,0.006069,0.003769,1.044866,0.126617,20
nohill,pre,0.058186,0.014600,0.497336,0.022662,0.938622,0.011069,0.134577,0.003192,20
nohill,post,0.060805,0.009127,0.500091,0.026581,0.940580,0.009459,0.134209,0.003330,20
nocrowd,pre,0.362979,0.062331,0.533090,0.071506,0.378686,0.058297,0.049752,0.004514,20
nocrowd,post,0.000000,0.000000,0.247917,0.301684,0.006431,0.005296,1.066474,0.125536,20
