agent_id,freq_hz,log2_ratio,semitones
0,304.3163,0.468068,5.616817
1,255.4555,0.215569,2.586823
2,383.1932,0.800569,9.606823
3,304.3163,0.468068,5.616817
4,127.7278,-0.784431,-9.413177
