step,mean,std,n
0,-0.133004,0.021740,20
1,-0.125918,0.018951,20
2,-0.119535,0.018109,20
3,-0.118647,0.017804,20
4,0.417682,0.043880,20
5,0.437542,0.053673,20
6,0.441002,0.052217,20
7,0.439930,0.051645,20
