cond,segment,mean_pingpong_rate_moves,std_pingpong_rate_moves,mean_reversal_rate_moves,std_reversal_rate_moves,mean_move_rate_stepwise,std_move_rate_stepwise,mean_abs_delta_moved,std_abs_delta_moved,n
baseline,pre,0.030597,0.040250,0.505220,0.157546,0.484936,0.035721,1.499027,0.202759,20
baseline,post,0.747483,0.123452,0.823041,0.107973,0.309420,0.094553,1.944545,0.121379,20
nohill,pre,0.067127,0.021586,0.511993,0.047157,0.469551,0.010606,0.133188,0.006614,20
nohill,post,0.066781,0.015829,0.499298,0.037458,0.470562,0.007378,0.134768,0.004007,20
nocrowd,pre,0.091440,0.068901,0.561558,0.067593,0.486378,0.012775,0.136935,0.014849,20
nocrowd,post,0.155858,0.177399,0.434922,0.211425,0.040670,0.014258,1.229462,0.170246,20
