step,mean_crowding
0,0.507374
1,0.555311
2,0.554257
3,0.555363
4,1.127097
5,1.678481
6,1.678470
7,1.678470
