step,mean_c_level
0,0.750353
1,0.844131
2,0.840522
3,0.839362
4,0.839362
5,0.828727
6,0.828727
7,0.828727
