step,mean_c_score_chosen_loo
0,0.029872
1,0.027535
2,0.023705
3,0.021678
4,0.662784
5,0.721210
6,0.721210
7,0.721210
