step,mean,std,ci95,n
0,0.769707,0.025265,0.011073,20
1,0.841425,0.009112,0.003994,20
2,0.840405,0.006501,0.002849,20
3,0.840035,0.006229,0.002730,20
4,0.840035,0.006229,0.002730,20
5,0.786254,0.016037,0.007029,20
6,0.805300,0.013700,0.006004,20
7,0.805626,0.012923,0.005664,20
