step,mean_c_score
0,0.579153
1,0.848183
2,0.825069
3,0.819829
4,0.819829
5,0.661151
6,0.709821
7,0.709821
