step,moved_frac
0,0.625000
1,0.250000
2,0.041667
3,0.000000
4,0.916667
5,0.125000
6,0.000000
7,0.000000
