cond,segment,mean_pingpong_rate_moves,std_pingpong_rate_moves,mean_reversal_rate_moves,std_reversal_rate_moves,mean_move_rate_stepwise,std_move_rate_stepwise,mean_abs_delta_moved,std_abs_delta_moved,n
baseline,pre,0.467424,0.176616,0.689899,0.110676,0.419737,0.039417,0.072361,0.020546,20
baseline,post,0.116809,0.251349,0.494539,0.257854,0.027917,0.040891,1.308935,0.302545,20
nohill,pre,0.061376,0.016495,0.497954,0.069416,0.466579,0.014344,0.136126,0.006648,20
nohill,post,0.053048,0.019967,0.499955,0.049410,0.467292,0.015438,0.131234,0.008083,20
nocrowd,pre,0.453846,0.158624,0.676791,0.119162,0.408421,0.044485,0.061362,0.017935,20
nocrowd,post,0.244561,0.377904,0.448010,0.348938,0.056250,0.097053,1.192140,0.379733,20
