cond,segment,mean_pingpong_rate_moves,std_pingpong_rate_moves,mean_reversal_rate_moves,std_reversal_rate_moves,mean_move_rate_stepwise,std_move_rate_stepwise,mean_abs_delta_moved,std_abs_delta_moved,n
baseline,pre,0.160818,0.098992,0.588618,0.057943,0.451480,0.047149,0.123991,0.016249,20
baseline,post,0.485283,0.337292,0.666778,0.262796,0.089193,0.061284,1.598418,0.261620,20
nohill,pre,0.066185,0.010834,0.500180,0.022523,0.470395,0.004867,0.134056,0.003105,20
nohill,post,0.064066,0.010741,0.499091,0.023203,0.469227,0.003688,0.134010,0.003404,20
nocrowd,pre,0.106328,0.082096,0.568989,0.067281,0.485143,0.009339,0.142404,0.010809,20
nocrowd,post,0.134107,0.209950,0.469901,0.179299,0.019748,0.008518,1.170660,0.249924,20
