metric,cond,mean,std,ci95,n
core_347,baseline,0.166667,0.042840,0.018775,20
core_347,nohill,0.133696,0.022066,0.009671,20
core_347,nocrowd,0.138768,0.059756,0.026189,20
extended_345789,baseline,0.298732,0.069415,0.030422,20
extended_345789,nohill,0.248370,0.026784,0.011739,20
extended_345789,nocrowd,0.264493,0.086821,0.038051,20
