step,mean_abs_delta_semitones
0,0.548750
1,0.028750
2,0.001250
3,0.000000
4,0.747501
5,0.000000
6,0.000000
7,0.000000
