step,mean,std,n
0,0.617773,0.067810,20
1,0.837221,0.032625,20
2,0.832725,0.024469,20
3,0.831241,0.023416,20
4,0.831241,0.023416,20
5,0.687416,0.045180,20
6,0.734706,0.043647,20
7,0.735717,0.041579,20
