step,mean,std,n
0,0.769707,0.025265,20
1,0.841425,0.009112,20
2,0.840405,0.006501,20
3,0.840035,0.006229,20
4,0.840035,0.006229,20
5,0.786254,0.016037,20
6,0.805300,0.013700,20
7,0.805626,0.012923,20
