step,mean,std,n
0,0.484460,0.187277,20
1,0.456954,0.193264,20
2,0.453911,0.194010,20
3,0.452945,0.193867,20
4,0.996925,0.191758,20
5,1.523875,0.250595,20
6,1.583953,0.257695,20
7,1.595675,0.259241,20
