step,mean_abs_delta_semitones_moved
0,0.731667
1,0.344999
2,0.030006
3,0.000000
4,0.815455
5,0.000000
6,0.000000
7,0.000000
