step,mean_c_score_loo
0,0.187484
1,0.034723
2,0.025770
3,0.021678
4,0.028123
5,0.721210
6,0.721210
7,0.721210
