step,mean_crowding
0,0.499216
1,0.557375
2,0.558631
3,0.559887
4,1.003748
5,1.347227
6,1.347227
7,1.347227
