step,mean,std,ci95,n
0,0.767175,0.025157,0.011026,20
1,0.843548,0.009174,0.004021,20
2,0.844126,0.006862,0.003007,20
3,0.844272,0.006348,0.002782,20
4,0.844174,0.006487,0.002843,20
5,0.781318,0.021486,0.009417,20
6,0.797348,0.016111,0.007061,20
7,0.800011,0.014887,0.006524,20
