step,mean,std,n
0,-0.123585,0.021015,20
1,-0.117433,0.019986,20
2,-0.110436,0.019609,20
3,-0.109407,0.019220,20
4,0.404011,0.052616,20
5,0.430178,0.064938,20
6,0.434825,0.060598,20
7,0.436307,0.059623,20
