step,mean_c_score_chosen_loo
0,0.051388
1,0.049180
2,0.035724
3,0.033515
4,0.631482
5,0.671249
6,0.670456
7,0.670456
