step,curriculum_mean,curriculum_ci95,consonly_mean,consonly_ci95
0,0.151794,0.010318,0.097339,0.014907
1,0.064554,0.005703,0.687032,0.029994
2,0.054643,0.007135,0.734625,0.013951
3,0.052609,0.007905,0.739044,0.012542
4,0.015467,0.010678,0.741106,0.011371
5,0.637936,0.023581,0.741106,0.011372
6,0.691090,0.019368,0.741106,0.011372
7,0.693591,0.018585,0.741106,0.011372
