step,mean_score
0,-0.139052
1,-0.112938
2,-0.107578
3,-0.105661
4,0.465500
5,0.519126
6,0.519126
7,0.519126
